From	Entry	Reviewed	Entry Name	Gene Names	Function [CC]	Keywords	Gene Ontology (biological process)	Organism
KRT5	P13647	reviewed	K2C5_HUMAN	KRT5	FUNCTION: Structural component of intermediate filaments in basal keratinocytes of stratified epithelia. Together with its obligate type I partner KRT14, contributes to the formation of the keratin intermediate filament network that provides mechanical stability and resilience to the basal layer of the epidermis (PubMed:1372711, PubMed:1694855). Regulates the recruitment of Langerhans cells to the epidermis, potentially by modulation of the abundance of macrophage chemotactic cytokines, macrophage inflammatory cytokines and CTNND1 localization in keratinocytes (By similarity). {ECO:0000250|UniProtKB:Q922U2, ECO:0000269|PubMed:1372711, ECO:0000269|PubMed:1694855}.	3D-structure;Coiled coil;Cytoplasm;Disease variant;Epidermolysis bullosa;Intermediate filament;Keratin;Phosphoprotein;Proteomics identification;Reference proteome	epidermis development [GO:0008544]; intermediate filament organization [GO:0045109]; intermediate filament polymerization [GO:0045107]; keratinization [GO:0031424]; regulation of cell migration [GO:0030334]; regulation of protein localization [GO:0032880]; response to mechanical stimulus [GO:0009612]	Homo sapiens (Human)
SFRP1	Q8N474	reviewed	SFRP1_HUMAN	SFRP1 FRP FRP1 SARP2	FUNCTION: Soluble frizzled-related proteins (sFRPS) function as modulators of Wnt signaling through direct interaction with Wnts. They have a role in regulating cell growth and differentiation in specific cell types. SFRP1 decreases intracellular beta-catenin levels (By similarity). Has antiproliferative effects on vascular cells, in vitro and in vivo, and can induce, in vivo, an angiogenic response. In vascular cell cycle, delays the G1 phase and entry into the S phase (By similarity). In kidney development, inhibits tubule formation and bud growth in metanephroi (By similarity). Inhibits WNT1/WNT4-mediated TCF-dependent transcription. {ECO:0000250}.	Developmental protein;Differentiation;Direct protein sequencing;Disulfide bond;Glycoprotein;Proteomics identification;Reference proteome;Secreted;Signal;Wnt signaling pathway	canonical Wnt signaling pathway [GO:0060070]; cellular response to BMP stimulus [GO:0071773]; cellular response to estradiol stimulus [GO:0071392]; cellular response to estrogen stimulus [GO:0071391]; cellular response to hypoxia [GO:0071456]; cellular response to interleukin-1 [GO:0071347]; cellular response to prostaglandin E stimulus [GO:0071380]; cellular response to starvation [GO:0009267]; cellular response to transforming growth factor beta stimulus [GO:0071560]; cellular response to tumor necrosis factor [GO:0071356]; cellular response to vitamin D [GO:0071305]; cellular response to X-ray [GO:0071481]; dopaminergic neuron differentiation [GO:0071542]; dorsal/ventral axis specification [GO:0009950]; hematopoietic progenitor cell differentiation [GO:0002244]; hematopoietic stem cell differentiation [GO:0060218]; negative regulation of androgen receptor signaling pathway [GO:0060766]; negative regulation of apoptotic process [GO:0043066]; negative regulation of B cell differentiation [GO:0045578]; negative regulation of bone remodeling [GO:0046851]; negative regulation of canonical Wnt signaling pathway [GO:0090090]; negative regulation of cell growth [GO:0030308]; negative regulation of cell migration [GO:0030336]; negative regulation of cell population proliferation [GO:0008285]; negative regulation of DNA-templated transcription [GO:0045892]; negative regulation of epithelial cell proliferation [GO:0050680]; negative regulation of epithelial to mesenchymal transition [GO:0010719]; negative regulation of fibroblast apoptotic process [GO:2000270]; negative regulation of fibroblast proliferation [GO:0048147]; negative regulation of gene expression [GO:0010629]; negative regulation of ossification [GO:0030279]; negative regulation of osteoblast proliferation [GO:0033689]; negative regulation of peptidyl-tyrosine phosphorylation [GO:0050732]; negative regulation of Wnt signaling pathway [GO:0030178]; non-canonical Wnt signaling pathway [GO:0035567]; osteoblast differentiation [GO:0001649]; positive regulation of apoptotic process [GO:0043065]; positive regulation of canonical Wnt signaling pathway [GO:0090263]; positive regulation of cell growth [GO:0030307]; positive regulation of cell population proliferation [GO:0008284]; positive regulation of cell-matrix adhesion [GO:0001954]; positive regulation of DNA-templated transcription [GO:0045893]; positive regulation of extrinsic apoptotic signaling pathway via death domain receptors [GO:1902043]; positive regulation of fat cell differentiation [GO:0045600]; positive regulation of fibroblast apoptotic process [GO:2000271]; positive regulation of focal adhesion assembly [GO:0051894]; positive regulation of non-canonical Wnt signaling pathway [GO:2000052]; positive regulation of smoothened signaling pathway [GO:0045880]; positive regulation of stress fiber assembly [GO:0051496]; positive regulation of Wnt signaling pathway [GO:0030177]; regulation of angiogenesis [GO:0045765]; regulation of cell cycle process [GO:0010564]; regulation of midbrain dopaminergic neuron differentiation [GO:1904956]; regulation of neuron projection development [GO:0010975]; response to xenobiotic stimulus [GO:0009410]; ureteric bud development [GO:0001657]; Wnt signaling pathway [GO:0016055]	Homo sapiens (Human)
MAPT	P10636	reviewed	TAU_HUMAN	MAPT MAPTL MTBT1 TAU	FUNCTION: Promotes microtubule assembly and stability, and might be involved in the establishment and maintenance of neuronal polarity (PubMed:21985311). The C-terminus binds axonal microtubules while the N-terminus binds neural plasma membrane components, suggesting that tau functions as a linker protein between both (PubMed:21985311, PubMed:32961270). Axonal polarity is predetermined by TAU/MAPT localization (in the neuronal cell) in the domain of the cell body defined by the centrosome. The short isoforms allow plasticity of the cytoskeleton whereas the longer isoforms may preferentially play a role in its stabilization. {ECO:0000269|PubMed:21985311, ECO:0000269|PubMed:32961270}.	3D-structure;Acetylation;Alternative splicing;Alzheimer disease;Cell membrane;Cell projection;Cytoplasm;Cytoskeleton;Direct protein sequencing;Disease variant;Disulfide bond;Glycation;Glycoprotein;Isopeptide bond;Membrane;Methylation;Microtubule;Neurodegeneration;Parkinsonism;Phosphoprotein;Proteomics identification;Reference proteome;Repeat;Secreted;Ubl conjugation	amyloid fibril formation [GO:1990000]; astrocyte activation [GO:0048143]; axon development [GO:0061564]; axonal transport [GO:0098930]; axonal transport of mitochondrion [GO:0019896]; cell-cell signaling [GO:0007267]; cellular response to brain-derived neurotrophic factor stimulus [GO:1990416]; cellular response to heat [GO:0034605]; cellular response to nerve growth factor stimulus [GO:1990090]; cellular response to reactive oxygen species [GO:0034614]; central nervous system neuron development [GO:0021954]; cytoplasmic microtubule organization [GO:0031122]; DNA damage response [GO:0006974]; generation of neurons [GO:0048699]; intracellular distribution of mitochondria [GO:0048312]; learning or memory [GO:0007611]; memory [GO:0007613]; microglial cell activation [GO:0001774]; microtubule cytoskeleton organization [GO:0000226]; microtubule polymerization [GO:0046785]; negative regulation of establishment of protein localization to mitochondrion [GO:1903748]; negative regulation of gene expression [GO:0010629]; negative regulation of mitochondrial fission [GO:0090258]; negative regulation of mitochondrial membrane potential [GO:0010917]; neurofibrillary tangle assembly [GO:1902988]; neuron projection development [GO:0031175]; plus-end-directed organelle transport along microtubule [GO:0072386]; positive regulation of axon extension [GO:0045773]; positive regulation of microtubule polymerization [GO:0031116]; positive regulation of protein localization [GO:1903829]; positive regulation of protein localization to synapse [GO:1902474]; positive regulation of superoxide anion generation [GO:0032930]; protein homooligomerization [GO:0051260]; protein polymerization [GO:0051258]; regulation of autophagy [GO:0010506]; regulation of calcium-mediated signaling [GO:0050848]; regulation of cellular response to heat [GO:1900034]; regulation of chromosome organization [GO:0033044]; regulation of long-term synaptic depression [GO:1900452]; regulation of microtubule cytoskeleton organization [GO:0070507]; regulation of microtubule polymerization [GO:0031113]; regulation of microtubule polymerization or depolymerization [GO:0031110]; regulation of microtubule-based movement [GO:0060632]; regulation of mitochondrial fission [GO:0090140]; regulation of synaptic plasticity [GO:0048167]; response to lead ion [GO:0010288]; rRNA metabolic process [GO:0016072]; stress granule assembly [GO:0034063]; supramolecular fiber organization [GO:0097435]; synapse assembly [GO:0007416]; synapse organization [GO:0050808]	Homo sapiens (Human)
ESR1	P03372	reviewed	ESR1_HUMAN	ESR1 ESR NR3A1	FUNCTION: Nuclear hormone receptor. The steroid hormones and their receptors are involved in the regulation of eukaryotic gene expression and affect cellular proliferation and differentiation in target tissues. Ligand-dependent nuclear transactivation involves either direct homodimer binding to a palindromic estrogen response element (ERE) sequence or association with other DNA-binding transcription factors, such as AP-1/c-Jun, c-Fos, ATF-2, Sp1 and Sp3, to mediate ERE-independent signaling. Ligand binding induces a conformational change allowing subsequent or combinatorial association with multiprotein coactivator complexes through LXXLL motifs of their respective components. Mutual transrepression occurs between the estrogen receptor (ER) and NF-kappa-B in a cell-type specific manner. Decreases NF-kappa-B DNA-binding activity and inhibits NF-kappa-B-mediated transcription from the IL6 promoter and displace RELA/p65 and associated coregulators from the promoter. Recruited to the NF-kappa-B response element of the CCL2 and IL8 promoters and can displace CREBBP. Present with NF-kappa-B components RELA/p65 and NFKB1/p50 on ERE sequences. Can also act synergistically with NF-kappa-B to activate transcription involving respective recruitment adjacent response elements; the function involves CREBBP. Can activate the transcriptional activity of TFF1. Also mediates membrane-initiated estrogen signaling involving various kinase cascades. Essential for MTA1-mediated transcriptional regulation of BRCA1 and BCAS3 (PubMed:17922032). Maintains neuronal survival in response to ischemic reperfusion injury when in the presence of circulating estradiol (17-beta-estradiol/E2) (By similarity). {ECO:0000250|UniProtKB:P06211, ECO:0000269|PubMed:10681512, ECO:0000269|PubMed:10816575, ECO:0000269|PubMed:11477071, ECO:0000269|PubMed:11682626, ECO:0000269|PubMed:14764652, ECO:0000269|PubMed:15078875, ECO:0000269|PubMed:15891768, ECO:0000269|PubMed:16043358, ECO:0000269|PubMed:16617102, ECO:0000269|PubMed:16684779, ECO:0000269|PubMed:17922032, ECO:0000269|PubMed:17932106, ECO:0000269|PubMed:18247370, ECO:0000269|PubMed:19350539, ECO:0000269|PubMed:20074560, ECO:0000269|PubMed:20705611, ECO:0000269|PubMed:21330404, ECO:0000269|PubMed:22083956, ECO:0000269|PubMed:37478846, ECO:0000269|PubMed:7651415, ECO:0000269|PubMed:9328340}.; FUNCTION: [Isoform 3]: Involved in activation of NOS3 and endothelial nitric oxide production (PubMed:21937726). Isoforms lacking one or several functional domains are thought to modulate transcriptional activity by competitive ligand or DNA binding and/or heterodimerization with the full-length receptor (PubMed:10970861). Binds to ERE and inhibits isoform 1 (PubMed:10970861). {ECO:0000269|PubMed:10970861, ECO:0000269|PubMed:21937726}.	3D-structure;Activator;Alternative promoter usage;Alternative splicing;Cell membrane;Cytoplasm;Direct protein sequencing;Disease variant;DNA-binding;Glycoprotein;Golgi apparatus;Lipid-binding;Lipoprotein;Membrane;Metal-binding;Methylation;Nucleus;Osteoporosis;Palmitate;Phosphoprotein;Proteomics identification;Receptor;Reference proteome;Steroid-binding;Transcription;Transcription regulation;Transmembrane;Ubl conjugation;Zinc;Zinc-finger	cellular response to estradiol stimulus [GO:0071392]; cellular response to estrogen stimulus [GO:0071391]; chromatin remodeling [GO:0006338]; estrogen receptor signaling pathway [GO:0030520]; negative regulation of canonical NF-kappaB signal transduction [GO:0043124]; negative regulation of gene expression [GO:0010629]; negative regulation of miRNA transcription [GO:1902894]; negative regulation of smooth muscle cell apoptotic process [GO:0034392]; negative regulation of transcription by RNA polymerase II [GO:0000122]; nuclear receptor-mediated steroid hormone signaling pathway [GO:0030518]; phospholipase C-activating G protein-coupled receptor signaling pathway [GO:0007200]; positive regulation of cytosolic calcium ion concentration [GO:0007204]; positive regulation of DNA-templated transcription [GO:0045893]; positive regulation of nitric oxide biosynthetic process [GO:0045429]; positive regulation of nitric-oxide synthase activity [GO:0051000]; positive regulation of transcription by RNA polymerase II [GO:0045944]; protein localization to chromatin [GO:0071168]; regulation of DNA-templated transcription [GO:0006355]; regulation of transcription by RNA polymerase II [GO:0006357]; response to estradiol [GO:0032355]; response to estrogen [GO:0043627]; RNA polymerase II preinitiation complex assembly [GO:0051123]; signal transduction [GO:0007165]; stem cell differentiation [GO:0048863]; steroid hormone receptor signaling pathway [GO:0043401]	Homo sapiens (Human)
MYC	P01106	reviewed	MYC_HUMAN	MYC BHLHE39	FUNCTION: Transcription factor that binds DNA in a non-specific manner, yet also specifically recognizes the core sequence 5'-CAC[GA]TG-3' (PubMed:24940000, PubMed:25956029). Activates the transcription of growth-related genes (PubMed:24940000, PubMed:25956029). Binds to the VEGFA promoter, promoting VEGFA production and subsequent sprouting angiogenesis (PubMed:24940000, PubMed:25956029). Regulator of somatic reprogramming, controls self-renewal of embryonic stem cells (By similarity). Functions with TAF6L to activate target gene expression through RNA polymerase II pause release (By similarity). Positively regulates transcription of HNRNPA1, HNRNPA2 and PTBP1 which in turn regulate splicing of pyruvate kinase PKM by binding repressively to sequences flanking PKM exon 9, inhibiting exon 9 inclusion and resulting in exon 10 inclusion and production of the PKM M2 isoform (PubMed:20010808). {ECO:0000250|UniProtKB:P01108, ECO:0000269|PubMed:20010808, ECO:0000269|PubMed:24940000, ECO:0000269|PubMed:25956029}.	3D-structure;Acetylation;Activator;Alternative initiation;Alternative splicing;Chromosomal rearrangement;Chromosome;Cytoplasm;DNA-binding;Glycoprotein;Isopeptide bond;Nucleus;Phosphoprotein;Proteomics identification;Proto-oncogene;Reference proteome;Transcription;Transcription regulation;Ubl conjugation	branching involved in ureteric bud morphogenesis [GO:0001658]; cellular response to hypoxia [GO:0071456]; cellular response to UV [GO:0034644]; cellular response to xenobiotic stimulus [GO:0071466]; chromatin remodeling [GO:0006338]; chromosome organization [GO:0051276]; DNA damage response [GO:0006974]; DNA-templated transcription [GO:0006351]; ERK1 and ERK2 cascade [GO:0070371]; fibroblast apoptotic process [GO:0044346]; G1/S transition of mitotic cell cycle [GO:0000082]; intracellular iron ion homeostasis [GO:0006879]; MAPK cascade [GO:0000165]; negative regulation of apoptotic process [GO:0043066]; negative regulation of cell division [GO:0051782]; negative regulation of fibroblast proliferation [GO:0048147]; negative regulation of gene expression via chromosomal CpG island methylation [GO:0044027]; negative regulation of monocyte differentiation [GO:0045656]; negative regulation of stress-activated MAPK cascade [GO:0032873]; negative regulation of transcription by RNA polymerase II [GO:0000122]; negative regulation of transcription initiation by RNA polymerase II [GO:0060633]; NK T cell proliferation [GO:0001866]; positive regulation of cell population proliferation [GO:0008284]; positive regulation of DNA-templated transcription [GO:0045893]; positive regulation of epithelial cell proliferation [GO:0050679]; positive regulation of fibroblast proliferation [GO:0048146]; positive regulation of gene expression [GO:0010628]; positive regulation of intrinsic apoptotic signaling pathway by p53 class mediator [GO:1902255]; positive regulation of mesenchymal cell proliferation [GO:0002053]; positive regulation of metanephric cap mesenchymal cell proliferation [GO:0090096]; positive regulation of miRNA transcription [GO:1902895]; positive regulation of telomere maintenance [GO:0032206]; positive regulation of transcription by RNA polymerase II [GO:0045944]; positive regulation of transcription initiation by RNA polymerase II [GO:0060261]; protein-DNA complex disassembly [GO:0032986]; regulation of cell cycle process [GO:0010564]; regulation of gene expression [GO:0010468]; regulation of somatic stem cell population maintenance [GO:1904672]; regulation of telomere maintenance [GO:0032204]; regulation of transcription by RNA polymerase II [GO:0006357]; response to growth factor [GO:0070848]; response to xenobiotic stimulus [GO:0009410]; rRNA metabolic process [GO:0016072]	Homo sapiens (Human)
NUF2	Q9BZD4	reviewed	NUF2_HUMAN	NUF2 CDCA1 NUF2R	FUNCTION: Acts as a component of the essential kinetochore-associated NDC80 complex, which is required for chromosome segregation and spindle checkpoint activity (PubMed:12438418, PubMed:14654001, PubMed:15062103, PubMed:15235793, PubMed:15239953, PubMed:15548592, PubMed:17535814). Required for kinetochore integrity and the organization of stable microtubule binding sites in the outer plate of the kinetochore (PubMed:15548592). The NDC80 complex synergistically enhances the affinity of the SKA1 complex for microtubules and may allow the NDC80 complex to track depolymerizing microtubules (PubMed:23085020). {ECO:0000269|PubMed:12438418, ECO:0000269|PubMed:14654001, ECO:0000269|PubMed:15062103, ECO:0000269|PubMed:15235793, ECO:0000269|PubMed:15239953, ECO:0000269|PubMed:15548592, ECO:0000269|PubMed:17535814, ECO:0000269|PubMed:23085020}.	3D-structure;Acetylation;Cell cycle;Cell division;Centromere;Chromosome;Coiled coil;Kinetochore;Mitosis;Nucleus;Phosphoprotein;Proteomics identification;Reference proteome	attachment of mitotic spindle microtubules to kinetochore [GO:0051315]; attachment of spindle microtubules to kinetochore [GO:0008608]; cell division [GO:0051301]; chromosome segregation [GO:0007059]; kinetochore organization [GO:0051383]; meiotic chromosome segregation [GO:0045132]; mitotic spindle assembly checkpoint signaling [GO:0007094]; mitotic spindle organization [GO:0007052]	Homo sapiens (Human)
MLPH	Q9BV36	reviewed	MELPH_HUMAN	MLPH SLAC2A	FUNCTION: Rab effector protein involved in melanosome transport. Serves as link between melanosome-bound RAB27A and the motor protein MYO5A. {ECO:0000269|PubMed:12062444}.	Alternative splicing;Coiled coil;Cytoplasm;Disease variant;Metal-binding;Proteomics identification;Reference proteome;Repeat;Zinc;Zinc-finger	intracellular protein transport [GO:0006886]; melanosome transport [GO:0032402]	Homo sapiens (Human)
CDC6	Q99741	reviewed	CDC6_HUMAN	CDC6 CDC18L	FUNCTION: Involved in the initiation of DNA replication. Also participates in checkpoint controls that ensure DNA replication is completed before mitosis is initiated.	3D-structure;ATP-binding;Cell cycle;Cell division;Cytoplasm;Disease variant;DNA replication;Dwarfism;Mitosis;Nucleotide-binding;Nucleus;Phosphoprotein;Proteomics identification;Reference proteome;Ubl conjugation	cell division [GO:0051301]; cellular response to angiotensin [GO:1904385]; cellular response to vasopressin [GO:1904117]; DNA replication checkpoint signaling [GO:0000076]; DNA replication initiation [GO:0006270]; mitotic DNA replication checkpoint signaling [GO:0033314]; negative regulation of cell population proliferation [GO:0008285]; negative regulation of DNA replication [GO:0008156]; positive regulation of chromosome segregation [GO:0051984]; positive regulation of cytokinesis [GO:0032467]; positive regulation of fibroblast proliferation [GO:0048146]; regulation of cyclin-dependent protein serine/threonine kinase activity [GO:0000079]; regulation of mitotic metaphase/anaphase transition [GO:0030071]; traversing start control point of mitotic cell cycle [GO:0007089]	Homo sapiens (Human)
ERBB2	P04626	reviewed	ERBB2_HUMAN	ERBB2 HER2 MLN19 NEU NGL	FUNCTION: Protein tyrosine kinase that is part of several cell surface receptor complexes, but that apparently needs a coreceptor for ligand binding. Essential component of a neuregulin-receptor complex, although neuregulins do not interact with it alone. GP30 is a potential ligand for this receptor. Regulates outgrowth and stabilization of peripheral microtubules (MTs). Upon ERBB2 activation, the MEMO1-RHOA-DIAPH1 signaling pathway elicits the phosphorylation and thus the inhibition of GSK3B at cell membrane. This prevents the phosphorylation of APC and CLASP2, allowing its association with the cell membrane. In turn, membrane-bound APC allows the localization of MACF1 to the cell membrane, which is required for microtubule capture and stabilization. {ECO:0000305}.; FUNCTION: In the nucleus is involved in transcriptional regulation. Associates with the 5'-TCAAATTC-3' sequence in the PTGS2/COX-2 promoter and activates its transcription. Implicated in transcriptional activation of CDKN1A; the function involves STAT3 and SRC. Involved in the transcription of rRNA genes by RNA Pol I and enhances protein synthesis and cell growth. {ECO:0000269|PubMed:10358079, ECO:0000269|PubMed:15380516, ECO:0000269|PubMed:21555369}.	3D-structure;Activator;Alternative initiation;Alternative splicing;ATP-binding;Cell membrane;Cell projection;Chromosomal rearrangement;Cytoplasm;Disease variant;Disulfide bond;Endosome;Glycoprotein;Kinase;Membrane;Nucleotide-binding;Nucleus;Phosphoprotein;Proteomics identification;Receptor;Reference proteome;Signal;Transcription;Transcription regulation;Transferase;Transmembrane;Transmembrane helix;Tyrosine-protein kinase	cell population proliferation [GO:0008283]; cell surface receptor protein tyrosine kinase signaling pathway [GO:0007169]; cell surface receptor signaling pathway [GO:0007166]; cellular response to epidermal growth factor stimulus [GO:0071364]; cellular response to growth factor stimulus [GO:0071363]; DNA-templated transcription [GO:0006351]; enzyme-linked receptor protein signaling pathway [GO:0007167]; epidermal growth factor receptor signaling pathway [GO:0007173]; ERBB2-EGFR signaling pathway [GO:0038134]; ERBB2-ERBB3 signaling pathway [GO:0038133]; ERBB2-ERBB4 signaling pathway [GO:0038135]; intracellular signal transduction [GO:0035556]; negative regulation of apoptotic process [GO:0043066]; neuron differentiation [GO:0030182]; neurotransmitter receptor localization to postsynaptic specialization membrane [GO:0099645]; peptidyl-tyrosine phosphorylation [GO:0018108]; phosphatidylinositol 3-kinase/protein kinase B signal transduction [GO:0043491]; positive regulation of cell adhesion [GO:0045785]; positive regulation of cell growth [GO:0030307]; positive regulation of epithelial cell proliferation [GO:0050679]; positive regulation of JNK cascade [GO:0046330]; positive regulation of MAP kinase activity [GO:0043406]; positive regulation of MAPK cascade [GO:0043410]; positive regulation of protein targeting to membrane [GO:0090314]; positive regulation of Rho protein signal transduction [GO:0035025]; positive regulation of transcription by RNA polymerase I [GO:0045943]; positive regulation of translation [GO:0045727]; protein phosphorylation [GO:0006468]; regulation of angiogenesis [GO:0045765]; regulation of ERK1 and ERK2 cascade [GO:0070372]; regulation of microtubule-based process [GO:0032886]; Schwann cell development [GO:0014044]; semaphorin-plexin signaling pathway [GO:0071526]; signal transduction [GO:0007165]; wound healing [GO:0042060]	Homo sapiens (Human)
CENPF	P49454	reviewed	CENPF_HUMAN	CENPF	FUNCTION: Required for kinetochore function and chromosome segregation in mitosis. Required for kinetochore localization of dynein, LIS1, NDE1 and NDEL1. Regulates recycling of the plasma membrane by acting as a link between recycling vesicles and the microtubule network though its association with STX4 and SNAP25. Acts as a potential inhibitor of pocket protein-mediated cellular processes during development by regulating the activity of RB proteins during cell division and proliferation. May play a regulatory or permissive role in the normal embryonic cardiomyocyte cell cycle and in promoting continued mitosis in transformed, abnormally dividing neonatal cardiomyocytes. Interaction with RB directs embryonic stem cells toward a cardiac lineage. Involved in the regulation of DNA synthesis and hence cell cycle progression, via its C-terminus. Has a potential role regulating skeletal myogenesis and in cell differentiation in embryogenesis. Involved in dendritic cell regulation of T-cell immunity against chlamydia. {ECO:0000269|PubMed:12974617, ECO:0000269|PubMed:17600710, ECO:0000269|PubMed:7542657, ECO:0000269|PubMed:7651420}.	Acetylation;Cell cycle;Cell division;Centromere;Chromosome;Ciliopathy;Coiled coil;Cytoplasm;Cytoskeleton;Developmental protein;Differentiation;DNA synthesis;Kinetochore;Lipoprotein;Methylation;Mitosis;Myogenesis;Nucleus;Phosphoprotein;Prenylation;Primary ciliary dyskinesia;Proteomics identification;Reference proteome;Repeat	cell differentiation [GO:0030154]; cell division [GO:0051301]; chromosome segregation [GO:0007059]; DNA biosynthetic process [GO:0071897]; kidney development [GO:0001822]; kinetochore assembly [GO:0051382]; metaphase chromosome alignment [GO:0051310]; mitotic cell cycle [GO:0000278]; mitotic spindle assembly checkpoint signaling [GO:0007094]; muscle organ development [GO:0007517]; negative regulation of DNA-templated transcription [GO:0045892]; protein transport [GO:0015031]; regulation of G2/M transition of mitotic cell cycle [GO:0010389]; response to xenobiotic stimulus [GO:0009410]; ventricular system development [GO:0021591]	Homo sapiens (Human)
